text,category,predicted_label
"Atualização do Plano de Resposta a Incidentes Cibernéticos: O comitê de segurança da informação atualizou o plano de resposta a incidentes cibernéticos, incorporando aprendizados de simulações recentes e novas ameaças.",Outras,Gestão de Equipe
"Resultados Empresa Q2 - Apresentação Geral: Apresentação geral para todos os colaboradores sobre os resultados financeiros e operacionais da empresa no último trimestre (Q2). A diretoria compartilhou os destaques (crescimento de receita, lançamento de produto X), os desafios (aumento da concorrência) e as prioridades para o Q3. Houve espaço para perguntas e respostas, reforçando a transparência na comunicação interna.",Outras,Gestão de Equipe
"Iniciativa Inovação - Papéis: Definimos papéis e responsabilidades claras para a nova iniciativa de inovação ""Ideas Hub"". Designamos um líder para a iniciativa, um comitê de avaliação de ideias e ""campeões"" de inovação em cada departamento para estimular a participação. Esclarecemos o fluxo de submissão, avaliação e seleção de ideias. O objetivo é criar um processo transparente e encorajador. Lançamento oficial previsto para o próximo mês.",Gestão de Equipe,Achados de Pesquisa
"Planejamento de Ações para o Mês da Conscientização sobre Saúde Mental: O comitê de bem-estar planejou uma série de ações (palestras, workshops, materiais informativos) para o mês da conscientização sobre saúde mental na empresa.",Outras,Gestão de Equipe
Sistema Horologium - Demonstração de Prova de Conceito (PoC): A equipe de inovação apresentou uma demonstração da Prova de Conceito (PoC) para uma nova tecnologia de busca no Sistema Horologium. Os resultados foram promissores e aprovamos o desenvolvimento de um protótipo funcional.,Atualizações de Projeto,Achados de Pesquisa
"Revisão do Código de Conduta e Ética da Empresa: O comitê de ética e o departamento jurídico revisaram e propuseram atualizações ao Código de Conduta e Ética da empresa, que será comunicado a todos os colaboradores.",Outras,Gestão de Equipe
"Reunião Fornecedor Infraestrutura: Reunião com nosso principal fornecedor de infraestrutura em nuvem (AWS/Azure/GCP). Discutimos a performance recente dos serviços contratados, os custos e as oportunidades de otimização. Apresentamos nossas projeções de crescimento de uso para o próximo ano. Negociamos possíveis descontos por volume ou por compromisso de uso a longo prazo. Avaliamos também novos serviços oferecidos pelo fornecedor.",Outras,Reuniões com Clientes
Preparação para Auditoria de Certificação ISO 27001: O comitê de segurança da informação e as áreas envolvidas revisaram os controles e documentação em preparação para a auditoria de certificação ISO 27001.,Outras,Gestão de Equipe
"Discussão sobre Adoção de Nova Metodologia de Gestão de Portfólio: A liderança discutiu a adoção de uma nova metodologia para gestão do portfólio de projetos da empresa, visando melhor alinhamento estratégico e priorização de investimentos.",Outras,Gestão de Equipe
